../dataset/cat_dog_train/dog/dog.1035.jpg,
../dataset/cat_dog_train/cat/cat.69.jpg,
../dataset/cat_dog_train/cat/cat.1083.jpg,
../dataset/cat_dog_train/dog/dog.1179.jpg,
../dataset/cat_dog_train/cat/cat.1167.jpg,
../dataset/cat_dog_train/cat/cat.226.jpg,
../dataset/cat_dog_train/dog/dog.110.jpg,
../dataset/cat_dog_train/dog/dog.289.jpg,
../dataset/cat_dog_train/dog/dog.415.jpg,
../dataset/cat_dog_train/cat/cat.1162.jpg,
../dataset/cat_dog_train/dog/dog.56.jpg,
../dataset/cat_dog_train/dog/dog.164.jpg,
../dataset/cat_dog_train/dog/dog.197.jpg,
../dataset/cat_dog_train/dog/dog.172.jpg,
../dataset/cat_dog_train/cat/cat.49.jpg,
../dataset/cat_dog_train/dog/dog.193.jpg,
../dataset/cat_dog_train/cat/cat.1166.jpg,
../dataset/cat_dog_train/dog/dog.1043.jpg,
../dataset/cat_dog_train/cat/cat.1126.jpg,
../dataset/cat_dog_train/dog/dog.1133.jpg,
../dataset/cat_dog_train/cat/cat.371.jpg,
../dataset/cat_dog_train/dog/dog.1105.jpg,
../dataset/cat_dog_train/dog/dog.437.jpg,
../dataset/cat_dog_train/dog/dog.221.jpg,
../dataset/cat_dog_train/cat/cat.229.jpg,
../dataset/cat_dog_train/dog/dog.464.jpg,
../dataset/cat_dog_train/cat/cat.423.jpg,
../dataset/cat_dog_train/dog/dog.463.jpg,
../dataset/cat_dog_train/cat/cat.426.jpg,
../dataset/cat_dog_train/dog/dog.189.jpg,
../dataset/cat_dog_train/cat/cat.249.jpg,
../dataset/cat_dog_train/cat/cat.414.jpg,
../dataset/cat_dog_train/cat/cat.319.jpg,
../dataset/cat_dog_train/dog/dog.89.jpg,
../dataset/cat_dog_train/dog/dog.13.jpg,
../dataset/cat_dog_train/dog/dog.380.jpg,
../dataset/cat_dog_train/dog/dog.182.jpg,
../dataset/cat_dog_train/dog/dog.395.jpg,
../dataset/cat_dog_train/cat/cat.293.jpg,
../dataset/cat_dog_train/dog/dog.1107.jpg,
../dataset/cat_dog_train/cat/cat.331.jpg,
../dataset/cat_dog_train/dog/dog.478.jpg,
../dataset/cat_dog_train/dog/dog.1109.jpg,
../dataset/cat_dog_train/dog/dog.114.jpg,
../dataset/cat_dog_train/dog/dog.81.jpg,
../dataset/cat_dog_train/cat/cat.351.jpg,
../dataset/cat_dog_train/dog/dog.430.jpg,
../dataset/cat_dog_train/dog/dog.152.jpg,
../dataset/cat_dog_train/dog/dog.170.jpg,
../dataset/cat_dog_train/cat/cat.87.jpg,
../dataset/cat_dog_train/dog/dog.1072.jpg,
../dataset/cat_dog_train/cat/cat.1111.jpg,
../dataset/cat_dog_train/cat/cat.236.jpg,
../dataset/cat_dog_train/dog/dog.454.jpg,
../dataset/cat_dog_train/dog/dog.1111.jpg,
../dataset/cat_dog_train/dog/dog.253.jpg,
../dataset/cat_dog_train/cat/cat.1085.jpg,
../dataset/cat_dog_train/dog/dog.354.jpg,
../dataset/cat_dog_train/cat/cat.479.jpg,
../dataset/cat_dog_train/cat/cat.96.jpg,
../dataset/cat_dog_train/dog/dog.241.jpg,
../dataset/cat_dog_train/cat/cat.301.jpg,
../dataset/cat_dog_train/cat/cat.1031.jpg,
../dataset/cat_dog_train/cat/cat.1057.jpg,
../dataset/cat_dog_train/dog/dog.290.jpg,
../dataset/cat_dog_train/cat/cat.135.jpg,
../dataset/cat_dog_train/cat/cat.458.jpg,
../dataset/cat_dog_train/dog/dog.33.jpg,
../dataset/cat_dog_train/dog/dog.94.jpg,
../dataset/cat_dog_train/cat/cat.52.jpg,
../dataset/cat_dog_train/cat/cat.228.jpg,
../dataset/cat_dog_train/cat/cat.420.jpg,
../dataset/cat_dog_train/cat/cat.193.jpg,
../dataset/cat_dog_train/cat/cat.1175.jpg,
../dataset/cat_dog_train/dog/dog.242.jpg,
../dataset/cat_dog_train/cat/cat.113.jpg,
../dataset/cat_dog_train/cat/cat.285.jpg,
../dataset/cat_dog_train/dog/dog.322.jpg,
../dataset/cat_dog_train/dog/dog.233.jpg,
../dataset/cat_dog_train/cat/cat.300.jpg,
../dataset/cat_dog_train/cat/cat.1179.jpg,
../dataset/cat_dog_train/dog/dog.0.jpg,
../dataset/cat_dog_train/cat/cat.1147.jpg,
../dataset/cat_dog_train/cat/cat.76.jpg,
../dataset/cat_dog_train/dog/dog.220.jpg,
../dataset/cat_dog_train/dog/dog.1078.jpg,
../dataset/cat_dog_train/cat/cat.196.jpg,
../dataset/cat_dog_train/dog/dog.344.jpg,
../dataset/cat_dog_train/dog/dog.104.jpg,
../dataset/cat_dog_train/dog/dog.1010.jpg,
../dataset/cat_dog_train/dog/dog.342.jpg,
../dataset/cat_dog_train/dog/dog.205.jpg,
../dataset/cat_dog_train/dog/dog.269.jpg,
../dataset/cat_dog_train/cat/cat.72.jpg,
../dataset/cat_dog_train/cat/cat.435.jpg,
../dataset/cat_dog_train/cat/cat.1024.jpg,
../dataset/cat_dog_train/cat/cat.147.jpg,
../dataset/cat_dog_train/cat/cat.1140.jpg,
../dataset/cat_dog_train/dog/dog.245.jpg,
../dataset/cat_dog_train/dog/dog.112.jpg,
../dataset/cat_dog_train/dog/dog.345.jpg,
../dataset/cat_dog_train/cat/cat.1028.jpg,
../dataset/cat_dog_train/dog/dog.473.jpg,
../dataset/cat_dog_train/dog/dog.127.jpg,
../dataset/cat_dog_train/dog/dog.1066.jpg,
../dataset/cat_dog_train/cat/cat.488.jpg,
../dataset/cat_dog_train/cat/cat.379.jpg,
../dataset/cat_dog_train/dog/dog.421.jpg,
../dataset/cat_dog_train/dog/dog.1175.jpg,
../dataset/cat_dog_train/cat/cat.483.jpg,
../dataset/cat_dog_train/dog/dog.155.jpg,
../dataset/cat_dog_train/cat/cat.110.jpg,
../dataset/cat_dog_train/dog/dog.302.jpg,
../dataset/cat_dog_train/cat/cat.128.jpg,
../dataset/cat_dog_train/dog/dog.433.jpg,
../dataset/cat_dog_train/dog/dog.1055.jpg,
../dataset/cat_dog_train/cat/cat.1131.jpg,
../dataset/cat_dog_train/cat/cat.1019.jpg,
../dataset/cat_dog_train/dog/dog.60.jpg,
../dataset/cat_dog_train/cat/cat.33.jpg,
../dataset/cat_dog_train/dog/dog.381.jpg,
../dataset/cat_dog_train/cat/cat.170.jpg,
../dataset/cat_dog_train/dog/dog.141.jpg,
../dataset/cat_dog_train/cat/cat.1191.jpg,
../dataset/cat_dog_train/dog/dog.1117.jpg,
../dataset/cat_dog_train/cat/cat.302.jpg,
../dataset/cat_dog_train/dog/dog.346.jpg,
../dataset/cat_dog_train/dog/dog.1140.jpg,
../dataset/cat_dog_train/cat/cat.53.jpg,
../dataset/cat_dog_train/dog/dog.308.jpg,
../dataset/cat_dog_train/dog/dog.309.jpg,
../dataset/cat_dog_train/cat/cat.266.jpg,
../dataset/cat_dog_train/dog/dog.1101.jpg,
../dataset/cat_dog_train/cat/cat.6.jpg,
../dataset/cat_dog_train/cat/cat.1168.jpg,
../dataset/cat_dog_train/cat/cat.94.jpg,
../dataset/cat_dog_train/cat/cat.1017.jpg,
../dataset/cat_dog_train/cat/cat.455.jpg,
../dataset/cat_dog_train/cat/cat.90.jpg,
../dataset/cat_dog_train/cat/cat.19.jpg,
../dataset/cat_dog_train/dog/dog.229.jpg,
../dataset/cat_dog_train/cat/cat.1114.jpg,
../dataset/cat_dog_train/dog/dog.1162.jpg,
../dataset/cat_dog_train/dog/dog.1146.jpg,
../dataset/cat_dog_train/dog/dog.1169.jpg,
../dataset/cat_dog_train/cat/cat.305.jpg,
../dataset/cat_dog_train/cat/cat.194.jpg,
../dataset/cat_dog_train/dog/dog.357.jpg,
../dataset/cat_dog_train/cat/cat.1139.jpg,
../dataset/cat_dog_train/dog/dog.52.jpg,
../dataset/cat_dog_train/dog/dog.195.jpg,
../dataset/cat_dog_train/dog/dog.1034.jpg,
../dataset/cat_dog_train/dog/dog.1123.jpg,
../dataset/cat_dog_train/cat/cat.457.jpg,
../dataset/cat_dog_train/cat/cat.283.jpg,
../dataset/cat_dog_train/dog/dog.291.jpg,
../dataset/cat_dog_train/cat/cat.400.jpg,
../dataset/cat_dog_train/dog/dog.1068.jpg,
../dataset/cat_dog_train/dog/dog.239.jpg,
../dataset/cat_dog_train/cat/cat.1141.jpg,
../dataset/cat_dog_train/dog/dog.1029.jpg,
../dataset/cat_dog_train/dog/dog.436.jpg,
../dataset/cat_dog_train/dog/dog.447.jpg,
../dataset/cat_dog_train/cat/cat.1102.jpg,
../dataset/cat_dog_train/dog/dog.329.jpg,
../dataset/cat_dog_train/dog/dog.483.jpg,
../dataset/cat_dog_train/cat/cat.1060.jpg,
../dataset/cat_dog_train/cat/cat.203.jpg,
../dataset/cat_dog_train/dog/dog.79.jpg,
../dataset/cat_dog_train/dog/dog.42.jpg,
../dataset/cat_dog_train/dog/dog.482.jpg,
../dataset/cat_dog_train/dog/dog.293.jpg,
../dataset/cat_dog_train/cat/cat.475.jpg,
../dataset/cat_dog_train/dog/dog.139.jpg,
../dataset/cat_dog_train/cat/cat.395.jpg,
../dataset/cat_dog_train/cat/cat.50.jpg,
../dataset/cat_dog_train/cat/cat.279.jpg,
../dataset/cat_dog_train/cat/cat.1062.jpg,
../dataset/cat_dog_train/dog/dog.1063.jpg,
../dataset/cat_dog_train/dog/dog.251.jpg,
../dataset/cat_dog_train/dog/dog.142.jpg,
../dataset/cat_dog_train/cat/cat.1043.jpg,
../dataset/cat_dog_train/dog/dog.1086.jpg,
../dataset/cat_dog_train/cat/cat.1156.jpg,
../dataset/cat_dog_train/cat/cat.409.jpg,
../dataset/cat_dog_train/cat/cat.378.jpg,
../dataset/cat_dog_train/dog/dog.1199.jpg,
../dataset/cat_dog_train/cat/cat.290.jpg,
../dataset/cat_dog_train/dog/dog.1062.jpg,
../dataset/cat_dog_train/cat/cat.335.jpg,
../dataset/cat_dog_train/cat/cat.148.jpg,
../dataset/cat_dog_train/cat/cat.260.jpg,
../dataset/cat_dog_train/dog/dog.216.jpg,
../dataset/cat_dog_train/cat/cat.178.jpg,
../dataset/cat_dog_train/cat/cat.85.jpg,
../dataset/cat_dog_train/cat/cat.299.jpg,
../dataset/cat_dog_train/cat/cat.1177.jpg,
../dataset/cat_dog_train/dog/dog.196.jpg,
../dataset/cat_dog_train/dog/dog.103.jpg,
../dataset/cat_dog_train/cat/cat.328.jpg,
../dataset/cat_dog_train/dog/dog.281.jpg,
../dataset/cat_dog_train/cat/cat.125.jpg,
../dataset/cat_dog_train/dog/dog.476.jpg,
../dataset/cat_dog_train/dog/dog.330.jpg,
../dataset/cat_dog_train/cat/cat.117.jpg,
../dataset/cat_dog_train/dog/dog.96.jpg,
../dataset/cat_dog_train/cat/cat.1121.jpg,
../dataset/cat_dog_train/dog/dog.1183.jpg,
../dataset/cat_dog_train/dog/dog.307.jpg,
../dataset/cat_dog_train/dog/dog.1157.jpg,
../dataset/cat_dog_train/cat/cat.461.jpg,
../dataset/cat_dog_train/cat/cat.454.jpg,
../dataset/cat_dog_train/cat/cat.174.jpg,
../dataset/cat_dog_train/dog/dog.1016.jpg,
../dataset/cat_dog_train/cat/cat.480.jpg,
../dataset/cat_dog_train/dog/dog.470.jpg,
../dataset/cat_dog_train/dog/dog.1119.jpg,
../dataset/cat_dog_train/dog/dog.1071.jpg,
../dataset/cat_dog_train/dog/dog.39.jpg,
../dataset/cat_dog_train/cat/cat.384.jpg,
../dataset/cat_dog_train/dog/dog.350.jpg,
../dataset/cat_dog_train/cat/cat.74.jpg,
../dataset/cat_dog_train/cat/cat.363.jpg,
../dataset/cat_dog_train/dog/dog.71.jpg,
../dataset/cat_dog_train/cat/cat.294.jpg,
../dataset/cat_dog_train/cat/cat.308.jpg,
../dataset/cat_dog_train/cat/cat.476.jpg,
../dataset/cat_dog_train/cat/cat.1118.jpg,
../dataset/cat_dog_train/dog/dog.1139.jpg,
../dataset/cat_dog_train/dog/dog.38.jpg,
../dataset/cat_dog_train/dog/dog.98.jpg,
../dataset/cat_dog_train/dog/dog.157.jpg,
../dataset/cat_dog_train/dog/dog.122.jpg,
../dataset/cat_dog_train/cat/cat.162.jpg,
../dataset/cat_dog_train/cat/cat.273.jpg,
../dataset/cat_dog_train/dog/dog.53.jpg,
../dataset/cat_dog_train/dog/dog.461.jpg,
../dataset/cat_dog_train/cat/cat.156.jpg,
../dataset/cat_dog_train/dog/dog.315.jpg,
../dataset/cat_dog_train/cat/cat.22.jpg,
../dataset/cat_dog_train/dog/dog.455.jpg,
../dataset/cat_dog_train/cat/cat.1004.jpg,
../dataset/cat_dog_train/cat/cat.1196.jpg,
../dataset/cat_dog_train/cat/cat.452.jpg,
../dataset/cat_dog_train/cat/cat.7.jpg,
../dataset/cat_dog_train/cat/cat.336.jpg,
../dataset/cat_dog_train/dog/dog.1093.jpg,
../dataset/cat_dog_train/dog/dog.424.jpg,
../dataset/cat_dog_train/dog/dog.459.jpg,
../dataset/cat_dog_train/cat/cat.3.jpg,
../dataset/cat_dog_train/cat/cat.91.jpg,
../dataset/cat_dog_train/dog/dog.371.jpg,
../dataset/cat_dog_train/dog/dog.167.jpg,
../dataset/cat_dog_train/dog/dog.1177.jpg,
../dataset/cat_dog_train/cat/cat.159.jpg,
../dataset/cat_dog_train/cat/cat.438.jpg,
../dataset/cat_dog_train/dog/dog.62.jpg,
../dataset/cat_dog_train/cat/cat.251.jpg,
../dataset/cat_dog_train/cat/cat.1135.jpg,
../dataset/cat_dog_train/dog/dog.64.jpg,
../dataset/cat_dog_train/cat/cat.332.jpg,
../dataset/cat_dog_train/dog/dog.14.jpg,
../dataset/cat_dog_train/dog/dog.237.jpg,
../dataset/cat_dog_train/cat/cat.1008.jpg,
../dataset/cat_dog_train/cat/cat.29.jpg,
../dataset/cat_dog_train/cat/cat.1180.jpg,
../dataset/cat_dog_train/dog/dog.240.jpg,
../dataset/cat_dog_train/cat/cat.338.jpg,
../dataset/cat_dog_train/dog/dog.382.jpg,
../dataset/cat_dog_train/dog/dog.369.jpg,
../dataset/cat_dog_train/dog/dog.390.jpg,
../dataset/cat_dog_train/cat/cat.1185.jpg,
../dataset/cat_dog_train/dog/dog.1092.jpg,
../dataset/cat_dog_train/dog/dog.1099.jpg,
../dataset/cat_dog_train/dog/dog.109.jpg,
../dataset/cat_dog_train/cat/cat.129.jpg,
../dataset/cat_dog_train/cat/cat.140.jpg,
../dataset/cat_dog_train/dog/dog.226.jpg,
../dataset/cat_dog_train/dog/dog.51.jpg,
../dataset/cat_dog_train/dog/dog.1153.jpg,
../dataset/cat_dog_train/dog/dog.1149.jpg,
../dataset/cat_dog_train/dog/dog.274.jpg,
../dataset/cat_dog_train/dog/dog.1151.jpg,
../dataset/cat_dog_train/cat/cat.306.jpg,
../dataset/cat_dog_train/cat/cat.1087.jpg,
../dataset/cat_dog_train/cat/cat.1128.jpg,
../dataset/cat_dog_train/dog/dog.1134.jpg,
../dataset/cat_dog_train/cat/cat.13.jpg,
../dataset/cat_dog_train/dog/dog.1185.jpg,
../dataset/cat_dog_train/dog/dog.360.jpg,
../dataset/cat_dog_train/cat/cat.1145.jpg,
../dataset/cat_dog_train/dog/dog.276.jpg,
../dataset/cat_dog_train/dog/dog.225.jpg,
../dataset/cat_dog_train/cat/cat.323.jpg,
../dataset/cat_dog_train/cat/cat.1169.jpg,
../dataset/cat_dog_train/cat/cat.1009.jpg,
../dataset/cat_dog_train/cat/cat.1188.jpg,
../dataset/cat_dog_train/dog/dog.467.jpg,
../dataset/cat_dog_train/cat/cat.157.jpg,
../dataset/cat_dog_train/dog/dog.248.jpg,
../dataset/cat_dog_train/dog/dog.45.jpg,
../dataset/cat_dog_train/dog/dog.153.jpg,
../dataset/cat_dog_train/dog/dog.228.jpg,
../dataset/cat_dog_train/dog/dog.406.jpg,
../dataset/cat_dog_train/dog/dog.192.jpg,
../dataset/cat_dog_train/dog/dog.1142.jpg,
../dataset/cat_dog_train/cat/cat.127.jpg,
../dataset/cat_dog_train/dog/dog.362.jpg,
../dataset/cat_dog_train/dog/dog.306.jpg,
../dataset/cat_dog_train/cat/cat.432.jpg,
../dataset/cat_dog_train/dog/dog.387.jpg,
../dataset/cat_dog_train/dog/dog.1080.jpg,
../dataset/cat_dog_train/dog/dog.1054.jpg,
../dataset/cat_dog_train/cat/cat.179.jpg,
../dataset/cat_dog_train/cat/cat.1158.jpg,
../dataset/cat_dog_train/dog/dog.1114.jpg,
../dataset/cat_dog_train/cat/cat.394.jpg,
../dataset/cat_dog_train/dog/dog.452.jpg,
../dataset/cat_dog_train/dog/dog.374.jpg,
../dataset/cat_dog_train/cat/cat.106.jpg,
../dataset/cat_dog_train/cat/cat.449.jpg,
../dataset/cat_dog_train/cat/cat.136.jpg,
../dataset/cat_dog_train/dog/dog.1125.jpg,
../dataset/cat_dog_train/cat/cat.131.jpg,
../dataset/cat_dog_train/cat/cat.120.jpg,
../dataset/cat_dog_train/dog/dog.414.jpg,
../dataset/cat_dog_train/cat/cat.70.jpg,
../dataset/cat_dog_train/cat/cat.23.jpg,
../dataset/cat_dog_train/cat/cat.451.jpg,
../dataset/cat_dog_train/dog/dog.359.jpg,
../dataset/cat_dog_train/cat/cat.188.jpg,
../dataset/cat_dog_train/cat/cat.98.jpg,
../dataset/cat_dog_train/cat/cat.1124.jpg,
../dataset/cat_dog_train/cat/cat.37.jpg,
../dataset/cat_dog_train/dog/dog.298.jpg,
../dataset/cat_dog_train/dog/dog.271.jpg,
../dataset/cat_dog_train/cat/cat.186.jpg,
../dataset/cat_dog_train/cat/cat.1077.jpg,
../dataset/cat_dog_train/dog/dog.1180.jpg,
../dataset/cat_dog_train/dog/dog.450.jpg,
../dataset/cat_dog_train/dog/dog.1097.jpg,
../dataset/cat_dog_train/cat/cat.99.jpg,
../dataset/cat_dog_train/dog/dog.1057.jpg,
../dataset/cat_dog_train/dog/dog.32.jpg,
../dataset/cat_dog_train/dog/dog.1001.jpg,
../dataset/cat_dog_train/dog/dog.268.jpg,
../dataset/cat_dog_train/dog/dog.1187.jpg,
../dataset/cat_dog_train/cat/cat.1037.jpg,
../dataset/cat_dog_train/cat/cat.1136.jpg,
../dataset/cat_dog_train/cat/cat.1112.jpg,
../dataset/cat_dog_train/cat/cat.8.jpg,
../dataset/cat_dog_train/dog/dog.175.jpg,
../dataset/cat_dog_train/cat/cat.189.jpg,
../dataset/cat_dog_train/dog/dog.1021.jpg,
../dataset/cat_dog_train/dog/dog.1176.jpg,
../dataset/cat_dog_train/dog/dog.1150.jpg,
../dataset/cat_dog_train/cat/cat.222.jpg,
../dataset/cat_dog_train/cat/cat.292.jpg,
../dataset/cat_dog_train/dog/dog.485.jpg,
../dataset/cat_dog_train/dog/dog.442.jpg,
../dataset/cat_dog_train/cat/cat.428.jpg,
../dataset/cat_dog_train/cat/cat.18.jpg,
../dataset/cat_dog_train/cat/cat.427.jpg,
../dataset/cat_dog_train/cat/cat.116.jpg,
../dataset/cat_dog_train/cat/cat.1079.jpg,
../dataset/cat_dog_train/cat/cat.413.jpg,
../dataset/cat_dog_train/cat/cat.473.jpg,
../dataset/cat_dog_train/cat/cat.1171.jpg,
../dataset/cat_dog_train/cat/cat.1165.jpg,
../dataset/cat_dog_train/dog/dog.358.jpg,
../dataset/cat_dog_train/dog/dog.145.jpg,
../dataset/cat_dog_train/cat/cat.195.jpg,
../dataset/cat_dog_train/cat/cat.166.jpg,
../dataset/cat_dog_train/dog/dog.1045.jpg,
../dataset/cat_dog_train/cat/cat.25.jpg,
../dataset/cat_dog_train/cat/cat.224.jpg,
../dataset/cat_dog_train/cat/cat.1198.jpg,
../dataset/cat_dog_train/dog/dog.426.jpg,
../dataset/cat_dog_train/dog/dog.144.jpg,
../dataset/cat_dog_train/cat/cat.114.jpg,
../dataset/cat_dog_train/dog/dog.158.jpg,
../dataset/cat_dog_train/cat/cat.119.jpg,
../dataset/cat_dog_train/cat/cat.1064.jpg,
../dataset/cat_dog_train/dog/dog.224.jpg,
../dataset/cat_dog_train/cat/cat.281.jpg,
../dataset/cat_dog_train/cat/cat.1195.jpg,
../dataset/cat_dog_train/cat/cat.1108.jpg,
../dataset/cat_dog_train/dog/dog.1015.jpg,
../dataset/cat_dog_train/dog/dog.1127.jpg,
../dataset/cat_dog_train/dog/dog.494.jpg,
../dataset/cat_dog_train/dog/dog.36.jpg,
../dataset/cat_dog_train/dog/dog.50.jpg,
../dataset/cat_dog_train/dog/dog.77.jpg,
../dataset/cat_dog_train/dog/dog.107.jpg,
../dataset/cat_dog_train/cat/cat.265.jpg,
../dataset/cat_dog_train/dog/dog.1095.jpg,
../dataset/cat_dog_train/cat/cat.396.jpg,
../dataset/cat_dog_train/dog/dog.1005.jpg,
../dataset/cat_dog_train/cat/cat.362.jpg,
../dataset/cat_dog_train/dog/dog.1047.jpg,
../dataset/cat_dog_train/cat/cat.143.jpg,
../dataset/cat_dog_train/dog/dog.1085.jpg,
../dataset/cat_dog_train/dog/dog.1079.jpg,
../dataset/cat_dog_train/dog/dog.35.jpg,
../dataset/cat_dog_train/cat/cat.118.jpg,
../dataset/cat_dog_train/cat/cat.176.jpg,
../dataset/cat_dog_train/cat/cat.489.jpg,
../dataset/cat_dog_train/cat/cat.463.jpg,
../dataset/cat_dog_train/cat/cat.243.jpg,
../dataset/cat_dog_train/cat/cat.1075.jpg,
../dataset/cat_dog_train/dog/dog.423.jpg,
../dataset/cat_dog_train/cat/cat.89.jpg,
../dataset/cat_dog_train/cat/cat.304.jpg,
../dataset/cat_dog_train/dog/dog.1161.jpg,
../dataset/cat_dog_train/dog/dog.198.jpg,
../dataset/cat_dog_train/cat/cat.1018.jpg,
../dataset/cat_dog_train/dog/dog.337.jpg,
../dataset/cat_dog_train/dog/dog.312.jpg,
../dataset/cat_dog_train/cat/cat.1110.jpg,
../dataset/cat_dog_train/dog/dog.492.jpg,
../dataset/cat_dog_train/dog/dog.76.jpg,
../dataset/cat_dog_train/dog/dog.70.jpg,
../dataset/cat_dog_train/cat/cat.326.jpg,
../dataset/cat_dog_train/cat/cat.11.jpg,
../dataset/cat_dog_train/cat/cat.1025.jpg,
../dataset/cat_dog_train/dog/dog.201.jpg,
../dataset/cat_dog_train/dog/dog.1046.jpg,
../dataset/cat_dog_train/dog/dog.40.jpg,
../dataset/cat_dog_train/dog/dog.394.jpg,
../dataset/cat_dog_train/dog/dog.130.jpg,
../dataset/cat_dog_train/cat/cat.1016.jpg,
../dataset/cat_dog_train/cat/cat.421.jpg,
../dataset/cat_dog_train/dog/dog.1172.jpg,
../dataset/cat_dog_train/dog/dog.1102.jpg,
../dataset/cat_dog_train/dog/dog.20.jpg,
../dataset/cat_dog_train/cat/cat.211.jpg,
../dataset/cat_dog_train/dog/dog.1023.jpg,
../dataset/cat_dog_train/dog/dog.121.jpg,
../dataset/cat_dog_train/dog/dog.364.jpg,
../dataset/cat_dog_train/dog/dog.1143.jpg,
../dataset/cat_dog_train/cat/cat.14.jpg,
../dataset/cat_dog_train/cat/cat.199.jpg,
../dataset/cat_dog_train/dog/dog.9.jpg,
../dataset/cat_dog_train/cat/cat.209.jpg,
../dataset/cat_dog_train/cat/cat.416.jpg,
../dataset/cat_dog_train/dog/dog.466.jpg,
../dataset/cat_dog_train/dog/dog.272.jpg,
../dataset/cat_dog_train/cat/cat.217.jpg,
../dataset/cat_dog_train/dog/dog.484.jpg,
../dataset/cat_dog_train/cat/cat.121.jpg,
../dataset/cat_dog_train/cat/cat.206.jpg,
../dataset/cat_dog_train/cat/cat.1163.jpg,
../dataset/cat_dog_train/dog/dog.16.jpg,
../dataset/cat_dog_train/dog/dog.416.jpg,
../dataset/cat_dog_train/cat/cat.1032.jpg,
../dataset/cat_dog_train/cat/cat.61.jpg,
../dataset/cat_dog_train/cat/cat.459.jpg,
../dataset/cat_dog_train/cat/cat.21.jpg,
../dataset/cat_dog_train/dog/dog.4.jpg,
../dataset/cat_dog_train/dog/dog.135.jpg,
../dataset/cat_dog_train/dog/dog.117.jpg,
../dataset/cat_dog_train/dog/dog.232.jpg,
../dataset/cat_dog_train/dog/dog.1189.jpg,
../dataset/cat_dog_train/dog/dog.427.jpg,
../dataset/cat_dog_train/dog/dog.1089.jpg,
../dataset/cat_dog_train/dog/dog.439.jpg,
../dataset/cat_dog_train/dog/dog.247.jpg,
../dataset/cat_dog_train/cat/cat.374.jpg,
../dataset/cat_dog_train/cat/cat.497.jpg,
../dataset/cat_dog_train/cat/cat.337.jpg,
../dataset/cat_dog_train/cat/cat.284.jpg,
../dataset/cat_dog_train/dog/dog.236.jpg,
../dataset/cat_dog_train/cat/cat.287.jpg,
../dataset/cat_dog_train/cat/cat.437.jpg,
../dataset/cat_dog_train/dog/dog.1090.jpg,
../dataset/cat_dog_train/dog/dog.402.jpg,
../dataset/cat_dog_train/dog/dog.1128.jpg,
../dataset/cat_dog_train/cat/cat.1170.jpg,
../dataset/cat_dog_train/dog/dog.1163.jpg,
../dataset/cat_dog_train/dog/dog.384.jpg,
../dataset/cat_dog_train/dog/dog.404.jpg,
../dataset/cat_dog_train/cat/cat.490.jpg,
../dataset/cat_dog_train/cat/cat.1146.jpg,
../dataset/cat_dog_train/dog/dog.1190.jpg,
../dataset/cat_dog_train/cat/cat.62.jpg,
../dataset/cat_dog_train/cat/cat.109.jpg,
../dataset/cat_dog_train/dog/dog.432.jpg,
../dataset/cat_dog_train/dog/dog.449.jpg,
../dataset/cat_dog_train/dog/dog.6.jpg,
../dataset/cat_dog_train/cat/cat.1012.jpg,
../dataset/cat_dog_train/dog/dog.1033.jpg,
../dataset/cat_dog_train/dog/dog.162.jpg,
../dataset/cat_dog_train/cat/cat.382.jpg,
../dataset/cat_dog_train/cat/cat.258.jpg,
../dataset/cat_dog_train/dog/dog.316.jpg,
../dataset/cat_dog_train/dog/dog.1011.jpg,
../dataset/cat_dog_train/cat/cat.112.jpg,
../dataset/cat_dog_train/cat/cat.487.jpg,
../dataset/cat_dog_train/cat/cat.164.jpg,
../dataset/cat_dog_train/dog/dog.1014.jpg,
../dataset/cat_dog_train/dog/dog.1084.jpg,
../dataset/cat_dog_train/cat/cat.150.jpg,
../dataset/cat_dog_train/dog/dog.219.jpg,
../dataset/cat_dog_train/dog/dog.1168.jpg,
../dataset/cat_dog_train/cat/cat.36.jpg,
../dataset/cat_dog_train/cat/cat.1044.jpg,
../dataset/cat_dog_train/cat/cat.1065.jpg,
../dataset/cat_dog_train/dog/dog.1174.jpg,
../dataset/cat_dog_train/dog/dog.1141.jpg,
../dataset/cat_dog_train/dog/dog.1074.jpg,
../dataset/cat_dog_train/cat/cat.1117.jpg,
../dataset/cat_dog_train/dog/dog.161.jpg,
../dataset/cat_dog_train/cat/cat.103.jpg,
../dataset/cat_dog_train/cat/cat.404.jpg,
../dataset/cat_dog_train/cat/cat.1157.jpg,
../dataset/cat_dog_train/cat/cat.450.jpg,
../dataset/cat_dog_train/dog/dog.349.jpg,
../dataset/cat_dog_train/cat/cat.456.jpg,
../dataset/cat_dog_train/dog/dog.1087.jpg,
../dataset/cat_dog_train/dog/dog.365.jpg,
../dataset/cat_dog_train/dog/dog.202.jpg,
../dataset/cat_dog_train/cat/cat.377.jpg,
../dataset/cat_dog_train/cat/cat.160.jpg,
../dataset/cat_dog_train/dog/dog.385.jpg,
../dataset/cat_dog_train/cat/cat.264.jpg,
../dataset/cat_dog_train/dog/dog.1106.jpg,
../dataset/cat_dog_train/dog/dog.1096.jpg,
../dataset/cat_dog_train/cat/cat.407.jpg,
../dataset/cat_dog_train/dog/dog.105.jpg,
../dataset/cat_dog_train/cat/cat.208.jpg,
../dataset/cat_dog_train/dog/dog.22.jpg,
../dataset/cat_dog_train/cat/cat.56.jpg,
../dataset/cat_dog_train/dog/dog.212.jpg,
../dataset/cat_dog_train/dog/dog.235.jpg,
../dataset/cat_dog_train/cat/cat.1035.jpg,
../dataset/cat_dog_train/dog/dog.1091.jpg,
../dataset/cat_dog_train/cat/cat.498.jpg,
../dataset/cat_dog_train/cat/cat.1105.jpg,
../dataset/cat_dog_train/dog/dog.499.jpg,
../dataset/cat_dog_train/cat/cat.220.jpg,
../dataset/cat_dog_train/cat/cat.387.jpg,
../dataset/cat_dog_train/cat/cat.46.jpg,
../dataset/cat_dog_train/dog/dog.448.jpg,
../dataset/cat_dog_train/cat/cat.51.jpg,
../dataset/cat_dog_train/dog/dog.335.jpg,
../dataset/cat_dog_train/dog/dog.471.jpg,
../dataset/cat_dog_train/cat/cat.342.jpg,
../dataset/cat_dog_train/dog/dog.67.jpg,
../dataset/cat_dog_train/dog/dog.159.jpg,
../dataset/cat_dog_train/dog/dog.303.jpg,
../dataset/cat_dog_train/dog/dog.422.jpg,
../dataset/cat_dog_train/cat/cat.419.jpg,
../dataset/cat_dog_train/cat/cat.1143.jpg,
../dataset/cat_dog_train/cat/cat.350.jpg,
../dataset/cat_dog_train/cat/cat.494.jpg,
../dataset/cat_dog_train/dog/dog.440.jpg,
../dataset/cat_dog_train/dog/dog.163.jpg,
../dataset/cat_dog_train/cat/cat.467.jpg,
../dataset/cat_dog_train/cat/cat.54.jpg,
../dataset/cat_dog_train/cat/cat.288.jpg,
../dataset/cat_dog_train/cat/cat.441.jpg,
../dataset/cat_dog_train/cat/cat.35.jpg,
../dataset/cat_dog_train/cat/cat.15.jpg,
../dataset/cat_dog_train/cat/cat.214.jpg,
../dataset/cat_dog_train/dog/dog.457.jpg,
../dataset/cat_dog_train/cat/cat.477.jpg,
../dataset/cat_dog_train/dog/dog.120.jpg,
../dataset/cat_dog_train/dog/dog.297.jpg,
../dataset/cat_dog_train/cat/cat.130.jpg,
../dataset/cat_dog_train/dog/dog.217.jpg,
../dataset/cat_dog_train/cat/cat.122.jpg,
../dataset/cat_dog_train/dog/dog.397.jpg,
../dataset/cat_dog_train/dog/dog.1050.jpg,
../dataset/cat_dog_train/dog/dog.428.jpg,
../dataset/cat_dog_train/cat/cat.1010.jpg,
../dataset/cat_dog_train/dog/dog.1073.jpg,
../dataset/cat_dog_train/dog/dog.57.jpg,
../dataset/cat_dog_train/cat/cat.1073.jpg,
../dataset/cat_dog_train/cat/cat.1186.jpg,
../dataset/cat_dog_train/dog/dog.1116.jpg,
../dataset/cat_dog_train/dog/dog.1075.jpg,
../dataset/cat_dog_train/dog/dog.1138.jpg,
../dataset/cat_dog_train/dog/dog.1031.jpg,
../dataset/cat_dog_train/dog/dog.180.jpg,
../dataset/cat_dog_train/cat/cat.321.jpg,
../dataset/cat_dog_train/dog/dog.1067.jpg,
../dataset/cat_dog_train/cat/cat.88.jpg,
../dataset/cat_dog_train/cat/cat.248.jpg,
../dataset/cat_dog_train/dog/dog.465.jpg,
../dataset/cat_dog_train/dog/dog.1160.jpg,
../dataset/cat_dog_train/cat/cat.40.jpg,
../dataset/cat_dog_train/cat/cat.9.jpg,
../dataset/cat_dog_train/dog/dog.115.jpg,
../dataset/cat_dog_train/dog/dog.179.jpg,
../dataset/cat_dog_train/cat/cat.246.jpg,
../dataset/cat_dog_train/dog/dog.262.jpg,
../dataset/cat_dog_train/cat/cat.424.jpg,
../dataset/cat_dog_train/cat/cat.1092.jpg,
../dataset/cat_dog_train/dog/dog.24.jpg,
../dataset/cat_dog_train/cat/cat.1152.jpg,
../dataset/cat_dog_train/cat/cat.267.jpg,
../dataset/cat_dog_train/dog/dog.1083.jpg,
../dataset/cat_dog_train/cat/cat.1042.jpg,
../dataset/cat_dog_train/cat/cat.1070.jpg,
../dataset/cat_dog_train/cat/cat.269.jpg,
../dataset/cat_dog_train/dog/dog.171.jpg,
../dataset/cat_dog_train/cat/cat.252.jpg,
../dataset/cat_dog_train/cat/cat.495.jpg,
../dataset/cat_dog_train/cat/cat.295.jpg,
../dataset/cat_dog_train/dog/dog.11.jpg,
../dataset/cat_dog_train/dog/dog.496.jpg,
../dataset/cat_dog_train/cat/cat.1148.jpg,
../dataset/cat_dog_train/dog/dog.373.jpg,
../dataset/cat_dog_train/dog/dog.149.jpg,
../dataset/cat_dog_train/dog/dog.399.jpg,
../dataset/cat_dog_train/dog/dog.1196.jpg,
../dataset/cat_dog_train/cat/cat.134.jpg,
../dataset/cat_dog_train/dog/dog.1024.jpg,
../dataset/cat_dog_train/dog/dog.47.jpg,
../dataset/cat_dog_train/dog/dog.487.jpg,
../dataset/cat_dog_train/cat/cat.472.jpg,
../dataset/cat_dog_train/dog/dog.147.jpg,
../dataset/cat_dog_train/dog/dog.1122.jpg,
../dataset/cat_dog_train/dog/dog.258.jpg,
../dataset/cat_dog_train/cat/cat.185.jpg,
../dataset/cat_dog_train/cat/cat.436.jpg,
../dataset/cat_dog_train/cat/cat.32.jpg,
../dataset/cat_dog_train/dog/dog.383.jpg,
../dataset/cat_dog_train/cat/cat.1046.jpg,
../dataset/cat_dog_train/cat/cat.347.jpg,
../dataset/cat_dog_train/cat/cat.1199.jpg,
../dataset/cat_dog_train/dog/dog.304.jpg,
../dataset/cat_dog_train/dog/dog.1082.jpg,
../dataset/cat_dog_train/dog/dog.73.jpg,
../dataset/cat_dog_train/cat/cat.1099.jpg,
../dataset/cat_dog_train/dog/dog.200.jpg,
../dataset/cat_dog_train/dog/dog.61.jpg,
../dataset/cat_dog_train/dog/dog.1197.jpg,
../dataset/cat_dog_train/cat/cat.1007.jpg,
../dataset/cat_dog_train/dog/dog.453.jpg,
../dataset/cat_dog_train/dog/dog.1198.jpg,
../dataset/cat_dog_train/dog/dog.206.jpg,
../dataset/cat_dog_train/cat/cat.180.jpg,
../dataset/cat_dog_train/dog/dog.401.jpg,
../dataset/cat_dog_train/dog/dog.1022.jpg,
../dataset/cat_dog_train/cat/cat.1045.jpg,
../dataset/cat_dog_train/dog/dog.479.jpg,
../dataset/cat_dog_train/cat/cat.1053.jpg,
../dataset/cat_dog_train/dog/dog.266.jpg,
../dataset/cat_dog_train/dog/dog.15.jpg,
../dataset/cat_dog_train/dog/dog.475.jpg,
../dataset/cat_dog_train/cat/cat.66.jpg,
../dataset/cat_dog_train/cat/cat.496.jpg,
../dataset/cat_dog_train/cat/cat.1021.jpg,
../dataset/cat_dog_train/cat/cat.392.jpg,
../dataset/cat_dog_train/dog/dog.370.jpg,
../dataset/cat_dog_train/cat/cat.406.jpg,
../dataset/cat_dog_train/cat/cat.123.jpg,
../dataset/cat_dog_train/cat/cat.275.jpg,
../dataset/cat_dog_train/cat/cat.77.jpg,
../dataset/cat_dog_train/cat/cat.1058.jpg,
../dataset/cat_dog_train/cat/cat.1109.jpg,
../dataset/cat_dog_train/dog/dog.111.jpg,
../dataset/cat_dog_train/cat/cat.1161.jpg,
../dataset/cat_dog_train/dog/dog.1048.jpg,
../dataset/cat_dog_train/cat/cat.1084.jpg,
../dataset/cat_dog_train/dog/dog.1018.jpg,
../dataset/cat_dog_train/dog/dog.1026.jpg,
../dataset/cat_dog_train/dog/dog.191.jpg,
../dataset/cat_dog_train/cat/cat.329.jpg,
../dataset/cat_dog_train/cat/cat.102.jpg,
../dataset/cat_dog_train/cat/cat.42.jpg,
../dataset/cat_dog_train/cat/cat.55.jpg,
../dataset/cat_dog_train/cat/cat.348.jpg,
../dataset/cat_dog_train/cat/cat.234.jpg,
../dataset/cat_dog_train/dog/dog.319.jpg,
../dataset/cat_dog_train/dog/dog.413.jpg,
../dataset/cat_dog_train/dog/dog.438.jpg,
../dataset/cat_dog_train/dog/dog.78.jpg,
../dataset/cat_dog_train/cat/cat.1063.jpg,
../dataset/cat_dog_train/dog/dog.429.jpg,
../dataset/cat_dog_train/dog/dog.1037.jpg,
../dataset/cat_dog_train/dog/dog.314.jpg,
../dataset/cat_dog_train/cat/cat.1142.jpg,
../dataset/cat_dog_train/dog/dog.1192.jpg,
../dataset/cat_dog_train/dog/dog.1171.jpg,
../dataset/cat_dog_train/dog/dog.190.jpg,
../dataset/cat_dog_train/cat/cat.1122.jpg,
../dataset/cat_dog_train/cat/cat.353.jpg,
../dataset/cat_dog_train/cat/cat.1056.jpg,
../dataset/cat_dog_train/dog/dog.246.jpg,
../dataset/cat_dog_train/dog/dog.102.jpg,
../dataset/cat_dog_train/dog/dog.37.jpg,
../dataset/cat_dog_train/dog/dog.493.jpg,
../dataset/cat_dog_train/dog/dog.474.jpg,
../dataset/cat_dog_train/cat/cat.1020.jpg,
../dataset/cat_dog_train/cat/cat.1081.jpg,
../dataset/cat_dog_train/cat/cat.92.jpg,
../dataset/cat_dog_train/cat/cat.78.jpg,
../dataset/cat_dog_train/cat/cat.205.jpg,
../dataset/cat_dog_train/cat/cat.372.jpg,
../dataset/cat_dog_train/dog/dog.263.jpg,
../dataset/cat_dog_train/dog/dog.1025.jpg,
../dataset/cat_dog_train/dog/dog.199.jpg,
../dataset/cat_dog_train/cat/cat.216.jpg,
../dataset/cat_dog_train/dog/dog.1167.jpg,
../dataset/cat_dog_train/cat/cat.356.jpg,
../dataset/cat_dog_train/cat/cat.126.jpg,
../dataset/cat_dog_train/cat/cat.16.jpg,
../dataset/cat_dog_train/cat/cat.1194.jpg,
../dataset/cat_dog_train/dog/dog.1182.jpg,
../dataset/cat_dog_train/cat/cat.30.jpg,
../dataset/cat_dog_train/dog/dog.282.jpg,
../dataset/cat_dog_train/cat/cat.422.jpg,
../dataset/cat_dog_train/dog/dog.138.jpg,
../dataset/cat_dog_train/dog/dog.17.jpg,
../dataset/cat_dog_train/dog/dog.218.jpg,
../dataset/cat_dog_train/dog/dog.278.jpg,
../dataset/cat_dog_train/cat/cat.175.jpg,
../dataset/cat_dog_train/dog/dog.74.jpg,
../dataset/cat_dog_train/cat/cat.360.jpg,
../dataset/cat_dog_train/cat/cat.1048.jpg,
../dataset/cat_dog_train/cat/cat.344.jpg,
../dataset/cat_dog_train/dog/dog.353.jpg,
../dataset/cat_dog_train/cat/cat.1120.jpg,
../dataset/cat_dog_train/dog/dog.1008.jpg,
../dataset/cat_dog_train/cat/cat.1059.jpg,
../dataset/cat_dog_train/dog/dog.1.jpg,
../dataset/cat_dog_train/cat/cat.491.jpg,
../dataset/cat_dog_train/dog/dog.63.jpg,
../dataset/cat_dog_train/cat/cat.1183.jpg,
../dataset/cat_dog_train/cat/cat.447.jpg,
../dataset/cat_dog_train/cat/cat.231.jpg,
../dataset/cat_dog_train/cat/cat.247.jpg,
../dataset/cat_dog_train/dog/dog.287.jpg,
../dataset/cat_dog_train/dog/dog.286.jpg,
../dataset/cat_dog_train/dog/dog.21.jpg,
../dataset/cat_dog_train/dog/dog.259.jpg,
../dataset/cat_dog_train/cat/cat.361.jpg,
../dataset/cat_dog_train/cat/cat.325.jpg,
../dataset/cat_dog_train/dog/dog.391.jpg,
../dataset/cat_dog_train/cat/cat.1015.jpg,
../dataset/cat_dog_train/dog/dog.1181.jpg,
../dataset/cat_dog_train/dog/dog.154.jpg,
../dataset/cat_dog_train/dog/dog.55.jpg,
../dataset/cat_dog_train/dog/dog.173.jpg,
../dataset/cat_dog_train/dog/dog.1007.jpg,
../dataset/cat_dog_train/cat/cat.146.jpg,
../dataset/cat_dog_train/dog/dog.486.jpg,
../dataset/cat_dog_train/dog/dog.132.jpg,
../dataset/cat_dog_train/dog/dog.26.jpg,
../dataset/cat_dog_train/dog/dog.41.jpg,
../dataset/cat_dog_train/cat/cat.1067.jpg,
../dataset/cat_dog_train/dog/dog.375.jpg,
../dataset/cat_dog_train/dog/dog.1044.jpg,
../dataset/cat_dog_train/dog/dog.106.jpg,
../dataset/cat_dog_train/cat/cat.223.jpg,
../dataset/cat_dog_train/cat/cat.309.jpg,
../dataset/cat_dog_train/dog/dog.243.jpg,
../dataset/cat_dog_train/dog/dog.377.jpg,
../dataset/cat_dog_train/dog/dog.1009.jpg,
../dataset/cat_dog_train/dog/dog.270.jpg,
../dataset/cat_dog_train/dog/dog.187.jpg,
../dataset/cat_dog_train/cat/cat.397.jpg,
../dataset/cat_dog_train/cat/cat.115.jpg,
../dataset/cat_dog_train/cat/cat.1116.jpg,
../dataset/cat_dog_train/dog/dog.124.jpg,
../dataset/cat_dog_train/cat/cat.107.jpg,
../dataset/cat_dog_train/dog/dog.336.jpg,
../dataset/cat_dog_train/dog/dog.261.jpg,
../dataset/cat_dog_train/dog/dog.1002.jpg,
../dataset/cat_dog_train/cat/cat.1097.jpg,
../dataset/cat_dog_train/dog/dog.30.jpg,
../dataset/cat_dog_train/cat/cat.1174.jpg,
../dataset/cat_dog_train/dog/dog.328.jpg,
../dataset/cat_dog_train/dog/dog.410.jpg,
../dataset/cat_dog_train/dog/dog.140.jpg,
../dataset/cat_dog_train/dog/dog.331.jpg,
../dataset/cat_dog_train/dog/dog.257.jpg,
../dataset/cat_dog_train/cat/cat.218.jpg,
../dataset/cat_dog_train/cat/cat.443.jpg,
../dataset/cat_dog_train/cat/cat.1184.jpg,
../dataset/cat_dog_train/cat/cat.314.jpg,
../dataset/cat_dog_train/cat/cat.1000.jpg,
../dataset/cat_dog_train/dog/dog.177.jpg,
../dataset/cat_dog_train/dog/dog.462.jpg,
../dataset/cat_dog_train/cat/cat.57.jpg,
../dataset/cat_dog_train/dog/dog.234.jpg,
../dataset/cat_dog_train/dog/dog.72.jpg,
../dataset/cat_dog_train/dog/dog.44.jpg,
../dataset/cat_dog_train/dog/dog.136.jpg,
../dataset/cat_dog_train/cat/cat.241.jpg,
../dataset/cat_dog_train/cat/cat.411.jpg,
../dataset/cat_dog_train/cat/cat.149.jpg,
../dataset/cat_dog_train/dog/dog.1019.jpg,
../dataset/cat_dog_train/cat/cat.271.jpg,
../dataset/cat_dog_train/cat/cat.104.jpg,
../dataset/cat_dog_train/cat/cat.172.jpg,
../dataset/cat_dog_train/cat/cat.255.jpg,
../dataset/cat_dog_train/cat/cat.1014.jpg,
../dataset/cat_dog_train/dog/dog.327.jpg,
../dataset/cat_dog_train/cat/cat.460.jpg,
../dataset/cat_dog_train/cat/cat.339.jpg,
../dataset/cat_dog_train/cat/cat.425.jpg,
../dataset/cat_dog_train/dog/dog.100.jpg,
../dataset/cat_dog_train/cat/cat.376.jpg,
../dataset/cat_dog_train/cat/cat.1160.jpg,
../dataset/cat_dog_train/cat/cat.484.jpg,
../dataset/cat_dog_train/cat/cat.317.jpg,
../dataset/cat_dog_train/dog/dog.209.jpg,
../dataset/cat_dog_train/dog/dog.284.jpg,
../dataset/cat_dog_train/cat/cat.399.jpg,
../dataset/cat_dog_train/cat/cat.1005.jpg,
../dataset/cat_dog_train/dog/dog.299.jpg,
../dataset/cat_dog_train/cat/cat.313.jpg,
../dataset/cat_dog_train/cat/cat.315.jpg,
../dataset/cat_dog_train/cat/cat.1076.jpg,
../dataset/cat_dog_train/dog/dog.340.jpg,
../dataset/cat_dog_train/cat/cat.0.jpg,
../dataset/cat_dog_train/cat/cat.318.jpg,
../dataset/cat_dog_train/dog/dog.85.jpg,
../dataset/cat_dog_train/dog/dog.1154.jpg,
../dataset/cat_dog_train/dog/dog.34.jpg,
../dataset/cat_dog_train/dog/dog.1164.jpg,
../dataset/cat_dog_train/cat/cat.1101.jpg,
../dataset/cat_dog_train/cat/cat.45.jpg,
../dataset/cat_dog_train/dog/dog.58.jpg,
../dataset/cat_dog_train/cat/cat.177.jpg,
../dataset/cat_dog_train/cat/cat.1119.jpg,
../dataset/cat_dog_train/cat/cat.278.jpg,
../dataset/cat_dog_train/dog/dog.1130.jpg,
../dataset/cat_dog_train/cat/cat.365.jpg,
../dataset/cat_dog_train/cat/cat.466.jpg,
../dataset/cat_dog_train/cat/cat.1090.jpg,
../dataset/cat_dog_train/dog/dog.214.jpg,
../dataset/cat_dog_train/dog/dog.3.jpg,
../dataset/cat_dog_train/cat/cat.233.jpg,
../dataset/cat_dog_train/cat/cat.470.jpg,
../dataset/cat_dog_train/dog/dog.43.jpg,
../dataset/cat_dog_train/cat/cat.383.jpg,
../dataset/cat_dog_train/cat/cat.2.jpg,
../dataset/cat_dog_train/cat/cat.245.jpg,
../dataset/cat_dog_train/cat/cat.1178.jpg,
../dataset/cat_dog_train/dog/dog.495.jpg,
../dataset/cat_dog_train/dog/dog.352.jpg,
../dataset/cat_dog_train/cat/cat.1189.jpg,
../dataset/cat_dog_train/cat/cat.48.jpg,
../dataset/cat_dog_train/dog/dog.339.jpg,
../dataset/cat_dog_train/cat/cat.182.jpg,
../dataset/cat_dog_train/cat/cat.1036.jpg,
../dataset/cat_dog_train/cat/cat.289.jpg,
../dataset/cat_dog_train/dog/dog.88.jpg,
../dataset/cat_dog_train/cat/cat.1089.jpg,
../dataset/cat_dog_train/dog/dog.249.jpg,
../dataset/cat_dog_train/dog/dog.210.jpg,
../dataset/cat_dog_train/dog/dog.490.jpg,
../dataset/cat_dog_train/cat/cat.1071.jpg,
../dataset/cat_dog_train/dog/dog.1098.jpg,
../dataset/cat_dog_train/cat/cat.1080.jpg,
../dataset/cat_dog_train/dog/dog.347.jpg,
../dataset/cat_dog_train/cat/cat.39.jpg,
../dataset/cat_dog_train/dog/dog.456.jpg,
../dataset/cat_dog_train/dog/dog.333.jpg,
../dataset/cat_dog_train/dog/dog.12.jpg,
../dataset/cat_dog_train/cat/cat.359.jpg,
../dataset/cat_dog_train/cat/cat.1013.jpg,
../dataset/cat_dog_train/cat/cat.448.jpg,
../dataset/cat_dog_train/dog/dog.150.jpg,
../dataset/cat_dog_train/dog/dog.134.jpg,
../dataset/cat_dog_train/dog/dog.1038.jpg,
../dataset/cat_dog_train/dog/dog.1100.jpg,
../dataset/cat_dog_train/cat/cat.24.jpg,
../dataset/cat_dog_train/dog/dog.185.jpg,
../dataset/cat_dog_train/dog/dog.2.jpg,
../dataset/cat_dog_train/cat/cat.327.jpg,
../dataset/cat_dog_train/cat/cat.215.jpg,
../dataset/cat_dog_train/cat/cat.493.jpg,
../dataset/cat_dog_train/dog/dog.403.jpg,
../dataset/cat_dog_train/cat/cat.204.jpg,
../dataset/cat_dog_train/dog/dog.1186.jpg,
../dataset/cat_dog_train/cat/cat.197.jpg,
../dataset/cat_dog_train/cat/cat.276.jpg,
../dataset/cat_dog_train/dog/dog.419.jpg,
../dataset/cat_dog_train/dog/dog.468.jpg,
../dataset/cat_dog_train/cat/cat.259.jpg,
../dataset/cat_dog_train/dog/dog.137.jpg,
../dataset/cat_dog_train/cat/cat.80.jpg,
../dataset/cat_dog_train/dog/dog.31.jpg,
../dataset/cat_dog_train/cat/cat.1172.jpg,
../dataset/cat_dog_train/cat/cat.262.jpg,
../dataset/cat_dog_train/cat/cat.1006.jpg,
../dataset/cat_dog_train/dog/dog.277.jpg,
../dataset/cat_dog_train/dog/dog.66.jpg,
../dataset/cat_dog_train/cat/cat.440.jpg,
../dataset/cat_dog_train/dog/dog.351.jpg,
../dataset/cat_dog_train/cat/cat.291.jpg,
../dataset/cat_dog_train/dog/dog.1060.jpg,
../dataset/cat_dog_train/dog/dog.1058.jpg,
../dataset/cat_dog_train/cat/cat.101.jpg,
../dataset/cat_dog_train/cat/cat.1192.jpg,
../dataset/cat_dog_train/cat/cat.272.jpg,
../dataset/cat_dog_train/dog/dog.194.jpg,
../dataset/cat_dog_train/cat/cat.1086.jpg,
../dataset/cat_dog_train/cat/cat.227.jpg,
../dataset/cat_dog_train/dog/dog.101.jpg,
../dataset/cat_dog_train/cat/cat.358.jpg,
../dataset/cat_dog_train/dog/dog.54.jpg,
../dataset/cat_dog_train/cat/cat.444.jpg,
../dataset/cat_dog_train/dog/dog.250.jpg,
../dataset/cat_dog_train/dog/dog.68.jpg,
../dataset/cat_dog_train/dog/dog.317.jpg,
../dataset/cat_dog_train/cat/cat.219.jpg,
../dataset/cat_dog_train/dog/dog.1120.jpg,
../dataset/cat_dog_train/dog/dog.129.jpg,
../dataset/cat_dog_train/dog/dog.372.jpg,
../dataset/cat_dog_train/dog/dog.425.jpg,
../dataset/cat_dog_train/cat/cat.210.jpg,
../dataset/cat_dog_train/cat/cat.1093.jpg,
../dataset/cat_dog_train/cat/cat.311.jpg,
../dataset/cat_dog_train/cat/cat.64.jpg,
../dataset/cat_dog_train/cat/cat.1149.jpg,
../dataset/cat_dog_train/dog/dog.227.jpg,
../dataset/cat_dog_train/cat/cat.1002.jpg,
../dataset/cat_dog_train/dog/dog.418.jpg,
../dataset/cat_dog_train/dog/dog.75.jpg,
../dataset/cat_dog_train/dog/dog.119.jpg,
../dataset/cat_dog_train/dog/dog.126.jpg,
../dataset/cat_dog_train/dog/dog.325.jpg,
../dataset/cat_dog_train/dog/dog.91.jpg,
../dataset/cat_dog_train/cat/cat.412.jpg,
../dataset/cat_dog_train/cat/cat.17.jpg,
../dataset/cat_dog_train/dog/dog.310.jpg,
../dataset/cat_dog_train/cat/cat.1051.jpg,
../dataset/cat_dog_train/dog/dog.49.jpg,
../dataset/cat_dog_train/cat/cat.71.jpg,
../dataset/cat_dog_train/cat/cat.1182.jpg,
../dataset/cat_dog_train/dog/dog.116.jpg,
../dataset/cat_dog_train/dog/dog.260.jpg,
../dataset/cat_dog_train/dog/dog.244.jpg,
../dataset/cat_dog_train/cat/cat.499.jpg,
../dataset/cat_dog_train/cat/cat.181.jpg,
../dataset/cat_dog_train/cat/cat.296.jpg,
../dataset/cat_dog_train/dog/dog.213.jpg,
../dataset/cat_dog_train/cat/cat.132.jpg,
../dataset/cat_dog_train/dog/dog.128.jpg,
../dataset/cat_dog_train/dog/dog.285.jpg,
../dataset/cat_dog_train/cat/cat.446.jpg,
../dataset/cat_dog_train/cat/cat.1003.jpg,
../dataset/cat_dog_train/cat/cat.1127.jpg,
../dataset/cat_dog_train/dog/dog.118.jpg,
../dataset/cat_dog_train/cat/cat.303.jpg,
../dataset/cat_dog_train/cat/cat.257.jpg,
../dataset/cat_dog_train/dog/dog.186.jpg,
../dataset/cat_dog_train/dog/dog.1028.jpg,
../dataset/cat_dog_train/dog/dog.295.jpg,
../dataset/cat_dog_train/cat/cat.481.jpg,
../dataset/cat_dog_train/dog/dog.477.jpg,
../dataset/cat_dog_train/cat/cat.297.jpg,
../dataset/cat_dog_train/dog/dog.84.jpg,
../dataset/cat_dog_train/dog/dog.59.jpg,
../dataset/cat_dog_train/dog/dog.131.jpg,
../dataset/cat_dog_train/cat/cat.240.jpg,
../dataset/cat_dog_train/cat/cat.1094.jpg,
../dataset/cat_dog_train/dog/dog.326.jpg,
../dataset/cat_dog_train/cat/cat.357.jpg,
../dataset/cat_dog_train/cat/cat.380.jpg,
../dataset/cat_dog_train/cat/cat.207.jpg,
../dataset/cat_dog_train/cat/cat.1026.jpg,
../dataset/cat_dog_train/dog/dog.99.jpg,
../dataset/cat_dog_train/dog/dog.1108.jpg,
../dataset/cat_dog_train/dog/dog.294.jpg,
../dataset/cat_dog_train/cat/cat.68.jpg,
../dataset/cat_dog_train/cat/cat.151.jpg,
../dataset/cat_dog_train/dog/dog.222.jpg,
../dataset/cat_dog_train/dog/dog.1042.jpg,
../dataset/cat_dog_train/dog/dog.318.jpg,
../dataset/cat_dog_train/dog/dog.1081.jpg,
../dataset/cat_dog_train/dog/dog.363.jpg,
../dataset/cat_dog_train/dog/dog.324.jpg,
../dataset/cat_dog_train/cat/cat.393.jpg,
../dataset/cat_dog_train/dog/dog.80.jpg,
../dataset/cat_dog_train/cat/cat.1072.jpg,
../dataset/cat_dog_train/dog/dog.444.jpg,
../dataset/cat_dog_train/cat/cat.439.jpg,
../dataset/cat_dog_train/dog/dog.1070.jpg,
../dataset/cat_dog_train/cat/cat.191.jpg,
../dataset/cat_dog_train/dog/dog.420.jpg,
../dataset/cat_dog_train/dog/dog.1132.jpg,
../dataset/cat_dog_train/cat/cat.316.jpg,
../dataset/cat_dog_train/cat/cat.277.jpg,
../dataset/cat_dog_train/dog/dog.168.jpg,
../dataset/cat_dog_train/cat/cat.1082.jpg,
../dataset/cat_dog_train/dog/dog.1184.jpg,
../dataset/cat_dog_train/cat/cat.28.jpg,
../dataset/cat_dog_train/cat/cat.1078.jpg,
../dataset/cat_dog_train/dog/dog.265.jpg,
../dataset/cat_dog_train/cat/cat.43.jpg,
../dataset/cat_dog_train/dog/dog.1159.jpg,
../dataset/cat_dog_train/cat/cat.1150.jpg,
../dataset/cat_dog_train/dog/dog.1152.jpg,
../dataset/cat_dog_train/dog/dog.311.jpg,
../dataset/cat_dog_train/dog/dog.1137.jpg,
../dataset/cat_dog_train/dog/dog.480.jpg,
../dataset/cat_dog_train/cat/cat.1027.jpg,
../dataset/cat_dog_train/cat/cat.1038.jpg,
../dataset/cat_dog_train/cat/cat.373.jpg,
../dataset/cat_dog_train/dog/dog.125.jpg,
../dataset/cat_dog_train/dog/dog.341.jpg,
../dataset/cat_dog_train/dog/dog.378.jpg,
../dataset/cat_dog_train/dog/dog.334.jpg,
../dataset/cat_dog_train/cat/cat.73.jpg,
../dataset/cat_dog_train/cat/cat.307.jpg,
../dataset/cat_dog_train/cat/cat.464.jpg,
../dataset/cat_dog_train/cat/cat.485.jpg,
../dataset/cat_dog_train/dog/dog.1110.jpg,
../dataset/cat_dog_train/cat/cat.4.jpg,
../dataset/cat_dog_train/dog/dog.95.jpg,
../dataset/cat_dog_train/dog/dog.27.jpg,
../dataset/cat_dog_train/dog/dog.230.jpg,
../dataset/cat_dog_train/cat/cat.330.jpg,
../dataset/cat_dog_train/dog/dog.301.jpg,
../dataset/cat_dog_train/cat/cat.1155.jpg,
../dataset/cat_dog_train/cat/cat.1104.jpg,
../dataset/cat_dog_train/cat/cat.1193.jpg,
../dataset/cat_dog_train/dog/dog.451.jpg,
../dataset/cat_dog_train/dog/dog.48.jpg,
../dataset/cat_dog_train/cat/cat.298.jpg,
../dataset/cat_dog_train/cat/cat.370.jpg,
../dataset/cat_dog_train/cat/cat.86.jpg,
../dataset/cat_dog_train/dog/dog.389.jpg,
../dataset/cat_dog_train/cat/cat.1176.jpg,
../dataset/cat_dog_train/cat/cat.138.jpg,
../dataset/cat_dog_train/dog/dog.1131.jpg,
../dataset/cat_dog_train/cat/cat.442.jpg,
../dataset/cat_dog_train/cat/cat.84.jpg,
../dataset/cat_dog_train/dog/dog.1126.jpg,
../dataset/cat_dog_train/cat/cat.310.jpg,
../dataset/cat_dog_train/cat/cat.1173.jpg,
../dataset/cat_dog_train/dog/dog.65.jpg,
../dataset/cat_dog_train/cat/cat.169.jpg,
../dataset/cat_dog_train/dog/dog.90.jpg,
../dataset/cat_dog_train/cat/cat.139.jpg,
../dataset/cat_dog_train/cat/cat.167.jpg,
../dataset/cat_dog_train/dog/dog.348.jpg,
../dataset/cat_dog_train/dog/dog.146.jpg,
../dataset/cat_dog_train/cat/cat.79.jpg,
../dataset/cat_dog_train/cat/cat.367.jpg,
../dataset/cat_dog_train/cat/cat.434.jpg,
../dataset/cat_dog_train/dog/dog.92.jpg,
../dataset/cat_dog_train/cat/cat.124.jpg,
../dataset/cat_dog_train/dog/dog.254.jpg,
../dataset/cat_dog_train/dog/dog.1155.jpg,
../dataset/cat_dog_train/cat/cat.59.jpg,
../dataset/cat_dog_train/dog/dog.178.jpg,
../dataset/cat_dog_train/dog/dog.407.jpg,
../dataset/cat_dog_train/dog/dog.392.jpg,
../dataset/cat_dog_train/cat/cat.225.jpg,
../dataset/cat_dog_train/dog/dog.355.jpg,
../dataset/cat_dog_train/dog/dog.1056.jpg,
../dataset/cat_dog_train/dog/dog.409.jpg,
../dataset/cat_dog_train/dog/dog.93.jpg,
../dataset/cat_dog_train/cat/cat.280.jpg,
../dataset/cat_dog_train/cat/cat.253.jpg,
../dataset/cat_dog_train/dog/dog.491.jpg,
../dataset/cat_dog_train/cat/cat.478.jpg,
../dataset/cat_dog_train/dog/dog.1103.jpg,
../dataset/cat_dog_train/cat/cat.453.jpg,
../dataset/cat_dog_train/dog/dog.151.jpg,
../dataset/cat_dog_train/cat/cat.1113.jpg,
../dataset/cat_dog_train/cat/cat.187.jpg,
../dataset/cat_dog_train/cat/cat.345.jpg,
../dataset/cat_dog_train/dog/dog.1059.jpg,
../dataset/cat_dog_train/dog/dog.1145.jpg,
../dataset/cat_dog_train/cat/cat.44.jpg,
../dataset/cat_dog_train/cat/cat.1033.jpg,
../dataset/cat_dog_train/dog/dog.1069.jpg,
../dataset/cat_dog_train/cat/cat.1.jpg,
../dataset/cat_dog_train/dog/dog.29.jpg,
../dataset/cat_dog_train/cat/cat.100.jpg,
../dataset/cat_dog_train/dog/dog.408.jpg,
../dataset/cat_dog_train/cat/cat.1115.jpg,
../dataset/cat_dog_train/cat/cat.65.jpg,
../dataset/cat_dog_train/cat/cat.1144.jpg,
../dataset/cat_dog_train/dog/dog.1124.jpg,
../dataset/cat_dog_train/cat/cat.133.jpg,
../dataset/cat_dog_train/cat/cat.1054.jpg,
../dataset/cat_dog_train/dog/dog.472.jpg,
../dataset/cat_dog_train/dog/dog.1004.jpg,
../dataset/cat_dog_train/cat/cat.354.jpg,
../dataset/cat_dog_train/dog/dog.87.jpg,
../dataset/cat_dog_train/dog/dog.1036.jpg,
../dataset/cat_dog_train/cat/cat.1022.jpg,
../dataset/cat_dog_train/dog/dog.176.jpg,
../dataset/cat_dog_train/cat/cat.1039.jpg,
../dataset/cat_dog_train/cat/cat.184.jpg,
../dataset/cat_dog_train/dog/dog.323.jpg,
../dataset/cat_dog_train/cat/cat.355.jpg,
../dataset/cat_dog_train/cat/cat.1001.jpg,
../dataset/cat_dog_train/cat/cat.274.jpg,
../dataset/cat_dog_train/dog/dog.8.jpg,
../dataset/cat_dog_train/cat/cat.312.jpg,
../dataset/cat_dog_train/dog/dog.434.jpg,
../dataset/cat_dog_train/cat/cat.403.jpg,
../dataset/cat_dog_train/dog/dog.1088.jpg,
../dataset/cat_dog_train/cat/cat.405.jpg,
../dataset/cat_dog_train/dog/dog.1027.jpg,
../dataset/cat_dog_train/dog/dog.469.jpg,
../dataset/cat_dog_train/cat/cat.161.jpg,
../dataset/cat_dog_train/dog/dog.1064.jpg,
../dataset/cat_dog_train/cat/cat.1049.jpg,
../dataset/cat_dog_train/cat/cat.1123.jpg,
../dataset/cat_dog_train/cat/cat.152.jpg,
../dataset/cat_dog_train/dog/dog.1193.jpg,
../dataset/cat_dog_train/dog/dog.156.jpg,
../dataset/cat_dog_train/dog/dog.1041.jpg,
../dataset/cat_dog_train/dog/dog.203.jpg,
../dataset/cat_dog_train/dog/dog.169.jpg,
../dataset/cat_dog_train/dog/dog.386.jpg,
../dataset/cat_dog_train/dog/dog.97.jpg,
../dataset/cat_dog_train/cat/cat.408.jpg,
../dataset/cat_dog_train/cat/cat.469.jpg,
../dataset/cat_dog_train/cat/cat.322.jpg,
../dataset/cat_dog_train/cat/cat.401.jpg,
../dataset/cat_dog_train/dog/dog.108.jpg,
../dataset/cat_dog_train/dog/dog.1003.jpg,
../dataset/cat_dog_train/cat/cat.418.jpg,
../dataset/cat_dog_train/dog/dog.1135.jpg,
../dataset/cat_dog_train/dog/dog.231.jpg,
../dataset/cat_dog_train/cat/cat.333.jpg,
../dataset/cat_dog_train/dog/dog.82.jpg,
../dataset/cat_dog_train/cat/cat.1100.jpg,
../dataset/cat_dog_train/cat/cat.230.jpg,
../dataset/cat_dog_train/dog/dog.10.jpg,
../dataset/cat_dog_train/cat/cat.431.jpg,
../dataset/cat_dog_train/cat/cat.346.jpg,
../dataset/cat_dog_train/cat/cat.201.jpg,
../dataset/cat_dog_train/dog/dog.288.jpg,
../dataset/cat_dog_train/cat/cat.282.jpg,
../dataset/cat_dog_train/cat/cat.261.jpg,
../dataset/cat_dog_train/dog/dog.405.jpg,
../dataset/cat_dog_train/dog/dog.207.jpg,
../dataset/cat_dog_train/dog/dog.305.jpg,
../dataset/cat_dog_train/cat/cat.93.jpg,
../dataset/cat_dog_train/cat/cat.235.jpg,
../dataset/cat_dog_train/dog/dog.113.jpg,
../dataset/cat_dog_train/dog/dog.264.jpg,
../dataset/cat_dog_train/dog/dog.411.jpg,
../dataset/cat_dog_train/cat/cat.192.jpg,
../dataset/cat_dog_train/dog/dog.1020.jpg,
../dataset/cat_dog_train/dog/dog.1165.jpg,
../dataset/cat_dog_train/dog/dog.1173.jpg,
../dataset/cat_dog_train/cat/cat.1181.jpg,
../dataset/cat_dog_train/cat/cat.212.jpg,
../dataset/cat_dog_train/cat/cat.163.jpg,
../dataset/cat_dog_train/dog/dog.1053.jpg,
../dataset/cat_dog_train/dog/dog.83.jpg,
../dataset/cat_dog_train/cat/cat.386.jpg,
../dataset/cat_dog_train/dog/dog.1178.jpg,
../dataset/cat_dog_train/dog/dog.481.jpg,
../dataset/cat_dog_train/dog/dog.1170.jpg,
../dataset/cat_dog_train/cat/cat.482.jpg,
../dataset/cat_dog_train/dog/dog.367.jpg,
../dataset/cat_dog_train/cat/cat.492.jpg,
../dataset/cat_dog_train/dog/dog.1118.jpg,
../dataset/cat_dog_train/cat/cat.375.jpg,
../dataset/cat_dog_train/cat/cat.1052.jpg,
../dataset/cat_dog_train/cat/cat.1138.jpg,
../dataset/cat_dog_train/cat/cat.390.jpg,
../dataset/cat_dog_train/cat/cat.349.jpg,
../dataset/cat_dog_train/cat/cat.1074.jpg,
../dataset/cat_dog_train/dog/dog.166.jpg,
../dataset/cat_dog_train/cat/cat.142.jpg,
../dataset/cat_dog_train/cat/cat.237.jpg,
../dataset/cat_dog_train/dog/dog.174.jpg,
../dataset/cat_dog_train/dog/dog.498.jpg,
../dataset/cat_dog_train/dog/dog.321.jpg,
../dataset/cat_dog_train/dog/dog.1121.jpg,
../dataset/cat_dog_train/dog/dog.1115.jpg,
../dataset/cat_dog_train/cat/cat.1154.jpg,
../dataset/cat_dog_train/cat/cat.34.jpg,
../dataset/cat_dog_train/dog/dog.160.jpg,
../dataset/cat_dog_train/cat/cat.58.jpg,
../dataset/cat_dog_train/cat/cat.1130.jpg,
../dataset/cat_dog_train/dog/dog.223.jpg,
../dataset/cat_dog_train/dog/dog.1049.jpg,
../dataset/cat_dog_train/cat/cat.41.jpg,
../dataset/cat_dog_train/cat/cat.108.jpg,
../dataset/cat_dog_train/dog/dog.489.jpg,
../dataset/cat_dog_train/cat/cat.369.jpg,
../dataset/cat_dog_train/dog/dog.356.jpg,
../dataset/cat_dog_train/cat/cat.1125.jpg,
../dataset/cat_dog_train/dog/dog.460.jpg,
../dataset/cat_dog_train/dog/dog.396.jpg,
../dataset/cat_dog_train/cat/cat.320.jpg,
../dataset/cat_dog_train/dog/dog.1194.jpg,
../dataset/cat_dog_train/cat/cat.213.jpg,
../dataset/cat_dog_train/dog/dog.379.jpg,
../dataset/cat_dog_train/dog/dog.18.jpg,
../dataset/cat_dog_train/cat/cat.471.jpg,
../dataset/cat_dog_train/dog/dog.497.jpg,
../dataset/cat_dog_train/dog/dog.279.jpg,
../dataset/cat_dog_train/cat/cat.1050.jpg,
../dataset/cat_dog_train/dog/dog.1061.jpg,
../dataset/cat_dog_train/cat/cat.445.jpg,
../dataset/cat_dog_train/dog/dog.215.jpg,
../dataset/cat_dog_train/dog/dog.25.jpg,
../dataset/cat_dog_train/cat/cat.60.jpg,
../dataset/cat_dog_train/cat/cat.171.jpg,
../dataset/cat_dog_train/dog/dog.256.jpg,
../dataset/cat_dog_train/dog/dog.1144.jpg,
../dataset/cat_dog_train/cat/cat.1159.jpg,
../dataset/cat_dog_train/cat/cat.198.jpg,
../dataset/cat_dog_train/cat/cat.47.jpg,
../dataset/cat_dog_train/cat/cat.1129.jpg,
../dataset/cat_dog_train/dog/dog.46.jpg,
../dataset/cat_dog_train/dog/dog.393.jpg,
../dataset/cat_dog_train/cat/cat.391.jpg,
../dataset/cat_dog_train/cat/cat.1095.jpg,
../dataset/cat_dog_train/cat/cat.389.jpg,
../dataset/cat_dog_train/dog/dog.252.jpg,
../dataset/cat_dog_train/dog/dog.184.jpg,
../dataset/cat_dog_train/cat/cat.155.jpg,
../dataset/cat_dog_train/cat/cat.1187.jpg,
../dataset/cat_dog_train/dog/dog.376.jpg,
../dataset/cat_dog_train/cat/cat.232.jpg,
../dataset/cat_dog_train/cat/cat.238.jpg,
../dataset/cat_dog_train/cat/cat.462.jpg,
../dataset/cat_dog_train/dog/dog.273.jpg,
../dataset/cat_dog_train/cat/cat.340.jpg,
../dataset/cat_dog_train/dog/dog.28.jpg,
../dataset/cat_dog_train/dog/dog.412.jpg,
../dataset/cat_dog_train/dog/dog.1000.jpg,
../dataset/cat_dog_train/cat/cat.1041.jpg,
../dataset/cat_dog_train/cat/cat.1030.jpg,
../dataset/cat_dog_train/cat/cat.83.jpg,
../dataset/cat_dog_train/cat/cat.343.jpg,
../dataset/cat_dog_train/dog/dog.255.jpg,
../dataset/cat_dog_train/dog/dog.398.jpg,
../dataset/cat_dog_train/cat/cat.1134.jpg,
../dataset/cat_dog_train/cat/cat.183.jpg,
../dataset/cat_dog_train/cat/cat.254.jpg,
../dataset/cat_dog_train/dog/dog.1195.jpg,
../dataset/cat_dog_train/dog/dog.417.jpg,
../dataset/cat_dog_train/dog/dog.183.jpg,
../dataset/cat_dog_train/cat/cat.388.jpg,
../dataset/cat_dog_train/cat/cat.1153.jpg,
../dataset/cat_dog_train/cat/cat.82.jpg,
../dataset/cat_dog_train/dog/dog.1006.jpg,
../dataset/cat_dog_train/dog/dog.343.jpg,
../dataset/cat_dog_train/cat/cat.153.jpg,
../dataset/cat_dog_train/dog/dog.1030.jpg,
../dataset/cat_dog_train/cat/cat.429.jpg,
../dataset/cat_dog_train/dog/dog.338.jpg,
../dataset/cat_dog_train/dog/dog.1052.jpg,
../dataset/cat_dog_train/dog/dog.211.jpg,
../dataset/cat_dog_train/cat/cat.341.jpg,
../dataset/cat_dog_train/dog/dog.1113.jpg,
../dataset/cat_dog_train/cat/cat.1106.jpg,
../dataset/cat_dog_train/cat/cat.1151.jpg,
../dataset/cat_dog_train/cat/cat.368.jpg,
../dataset/cat_dog_train/dog/dog.320.jpg,
../dataset/cat_dog_train/cat/cat.465.jpg,
../dataset/cat_dog_train/cat/cat.433.jpg,
../dataset/cat_dog_train/cat/cat.26.jpg,
../dataset/cat_dog_train/cat/cat.244.jpg,
../dataset/cat_dog_train/cat/cat.5.jpg,
../dataset/cat_dog_train/dog/dog.313.jpg,
../dataset/cat_dog_train/dog/dog.143.jpg,
../dataset/cat_dog_train/dog/dog.431.jpg,
../dataset/cat_dog_train/cat/cat.381.jpg,
../dataset/cat_dog_train/cat/cat.239.jpg,
../dataset/cat_dog_train/cat/cat.468.jpg,
../dataset/cat_dog_train/cat/cat.154.jpg,
../dataset/cat_dog_train/dog/dog.361.jpg,
../dataset/cat_dog_train/cat/cat.1137.jpg,
../dataset/cat_dog_train/dog/dog.188.jpg,
../dataset/cat_dog_train/cat/cat.334.jpg,
../dataset/cat_dog_train/dog/dog.275.jpg,
../dataset/cat_dog_train/cat/cat.1069.jpg,
../dataset/cat_dog_train/cat/cat.1011.jpg,
../dataset/cat_dog_train/cat/cat.1103.jpg,
../dataset/cat_dog_train/cat/cat.270.jpg,
../dataset/cat_dog_train/cat/cat.1066.jpg,
../dataset/cat_dog_train/dog/dog.332.jpg,
../dataset/cat_dog_train/dog/dog.1166.jpg,
../dataset/cat_dog_train/cat/cat.402.jpg,
../dataset/cat_dog_train/dog/dog.1076.jpg,
../dataset/cat_dog_train/dog/dog.238.jpg,
../dataset/cat_dog_train/cat/cat.200.jpg,
../dataset/cat_dog_train/cat/cat.417.jpg,
../dataset/cat_dog_train/cat/cat.474.jpg,
../dataset/cat_dog_train/cat/cat.286.jpg,
../dataset/cat_dog_train/cat/cat.190.jpg,
../dataset/cat_dog_train/cat/cat.111.jpg,
../dataset/cat_dog_train/cat/cat.263.jpg,
../dataset/cat_dog_train/dog/dog.208.jpg,
../dataset/cat_dog_train/dog/dog.181.jpg,
../dataset/cat_dog_train/cat/cat.415.jpg,
../dataset/cat_dog_train/dog/dog.400.jpg,
../dataset/cat_dog_train/dog/dog.123.jpg,
../dataset/cat_dog_train/cat/cat.81.jpg,
../dataset/cat_dog_train/cat/cat.1068.jpg,
../dataset/cat_dog_train/cat/cat.268.jpg,
../dataset/cat_dog_train/cat/cat.398.jpg,
../dataset/cat_dog_train/dog/dog.1032.jpg,
../dataset/cat_dog_train/dog/dog.443.jpg,
../dataset/cat_dog_train/cat/cat.1107.jpg,
../dataset/cat_dog_train/cat/cat.486.jpg,
../dataset/cat_dog_train/cat/cat.1088.jpg,
../dataset/cat_dog_train/cat/cat.1098.jpg,
../dataset/cat_dog_train/cat/cat.1034.jpg,
../dataset/cat_dog_train/cat/cat.1132.jpg,
../dataset/cat_dog_train/dog/dog.1039.jpg,
../dataset/cat_dog_train/cat/cat.1190.jpg,
../dataset/cat_dog_train/dog/dog.300.jpg,
../dataset/cat_dog_train/cat/cat.173.jpg,
../dataset/cat_dog_train/cat/cat.364.jpg,
../dataset/cat_dog_train/dog/dog.1077.jpg,
../dataset/cat_dog_train/cat/cat.430.jpg,
../dataset/cat_dog_train/cat/cat.1055.jpg,
../dataset/cat_dog_train/dog/dog.388.jpg,
../dataset/cat_dog_train/cat/cat.165.jpg,
../dataset/cat_dog_train/cat/cat.95.jpg,
../dataset/cat_dog_train/dog/dog.458.jpg,
../dataset/cat_dog_train/cat/cat.1133.jpg,
../dataset/cat_dog_train/dog/dog.1147.jpg,
../dataset/cat_dog_train/dog/dog.69.jpg,
../dataset/cat_dog_train/cat/cat.1091.jpg,
../dataset/cat_dog_train/cat/cat.1029.jpg,
../dataset/cat_dog_train/dog/dog.1191.jpg,
../dataset/cat_dog_train/dog/dog.1188.jpg,
../dataset/cat_dog_train/cat/cat.221.jpg,
../dataset/cat_dog_train/dog/dog.1094.jpg,
../dataset/cat_dog_train/cat/cat.63.jpg,
../dataset/cat_dog_train/dog/dog.1112.jpg,
../dataset/cat_dog_train/dog/dog.1017.jpg,
../dataset/cat_dog_train/dog/dog.1040.jpg,
../dataset/cat_dog_train/dog/dog.1148.jpg,
../dataset/cat_dog_train/cat/cat.1197.jpg,
../dataset/cat_dog_train/dog/dog.1156.jpg,
../dataset/cat_dog_train/dog/dog.19.jpg,
../dataset/cat_dog_train/cat/cat.250.jpg,
../dataset/cat_dog_train/cat/cat.141.jpg,
../dataset/cat_dog_train/cat/cat.10.jpg,
../dataset/cat_dog_train/dog/dog.204.jpg,
../dataset/cat_dog_train/cat/cat.12.jpg,
../dataset/cat_dog_train/cat/cat.202.jpg,
../dataset/cat_dog_train/cat/cat.27.jpg,
../dataset/cat_dog_train/dog/dog.488.jpg,
../dataset/cat_dog_train/dog/dog.1051.jpg,
../dataset/cat_dog_train/dog/dog.267.jpg,
../dataset/cat_dog_train/dog/dog.366.jpg,
../dataset/cat_dog_train/dog/dog.445.jpg,
../dataset/cat_dog_train/dog/dog.1065.jpg,
../dataset/cat_dog_train/dog/dog.133.jpg,
../dataset/cat_dog_train/dog/dog.23.jpg,
../dataset/cat_dog_train/dog/dog.280.jpg,
../dataset/cat_dog_train/cat/cat.352.jpg,
../dataset/cat_dog_train/cat/cat.1061.jpg,
../dataset/cat_dog_train/cat/cat.31.jpg,
../dataset/cat_dog_train/dog/dog.1158.jpg,
../dataset/cat_dog_train/dog/dog.1013.jpg,
../dataset/cat_dog_train/cat/cat.366.jpg,
../dataset/cat_dog_train/cat/cat.410.jpg,
../dataset/cat_dog_train/cat/cat.75.jpg,
../dataset/cat_dog_train/cat/cat.144.jpg,
../dataset/cat_dog_train/dog/dog.446.jpg,
../dataset/cat_dog_train/cat/cat.324.jpg,
../dataset/cat_dog_train/cat/cat.168.jpg,
../dataset/cat_dog_train/cat/cat.158.jpg,
../dataset/cat_dog_train/cat/cat.145.jpg,
../dataset/cat_dog_train/cat/cat.105.jpg,
../dataset/cat_dog_train/cat/cat.385.jpg,
../dataset/cat_dog_train/cat/cat.67.jpg,
../dataset/cat_dog_train/dog/dog.1012.jpg,
../dataset/cat_dog_train/cat/cat.242.jpg,
../dataset/cat_dog_train/cat/cat.1023.jpg,
../dataset/cat_dog_train/dog/dog.5.jpg,
../dataset/cat_dog_train/cat/cat.256.jpg,
../dataset/cat_dog_train/dog/dog.165.jpg,
../dataset/cat_dog_train/cat/cat.1040.jpg,
../dataset/cat_dog_train/cat/cat.20.jpg,
../dataset/cat_dog_train/dog/dog.283.jpg,
../dataset/cat_dog_train/cat/cat.137.jpg,
../dataset/cat_dog_train/cat/cat.1047.jpg,
../dataset/cat_dog_train/dog/dog.435.jpg,
../dataset/cat_dog_train/dog/dog.441.jpg,
../dataset/cat_dog_train/cat/cat.97.jpg,
../dataset/cat_dog_train/dog/dog.1129.jpg,
../dataset/cat_dog_train/dog/dog.368.jpg,
../dataset/cat_dog_train/dog/dog.1104.jpg,
../dataset/cat_dog_train/cat/cat.38.jpg,
../dataset/cat_dog_train/dog/dog.1136.jpg,
../dataset/cat_dog_train/dog/dog.7.jpg,
../dataset/cat_dog_train/dog/dog.86.jpg,
../dataset/cat_dog_train/dog/dog.296.jpg,
../dataset/cat_dog_train/cat/cat.1164.jpg,
../dataset/cat_dog_train/cat/cat.1096.jpg,
../dataset/cat_dog_train/dog/dog.292.jpg,
../dataset/cat_dog_train/dog/dog.148.jpg,
